{
  "sigma_frac": {
    "pass_attempts": 0.23729225165505602,
    "rush_attempts": 0.28561170054943014,
    "pass_yards": 0.3055317253371416,
    "rush_yards": 0.44734678094349495
  },
  "rho": [
    [
      0.9999999999999998,
      -0.46617678293663284,
      0.6007081748001696,
      -0.4160814637283183
    ],
    [
      -0.4661767829366328,
      1.0,
      -0.18219294718478296,
      0.7554666451422454
    ],
    [
      0.6007081748001695,
      -0.182192947184783,
      1.0,
      -0.2247278679596598
    ],
    [
      -0.4160814637283183,
      0.7554666451422453,
      -0.2247278679596598,
      1.0
    ]
  ],
  "nb_theta": {
    "pass_tds": 0.0,
    "rush_tds": 79.75361568819594
  }
}